ex3_result/DropTail_Reno.tr,1,0.01311278048780474,0.01331799666110162,0.013331432387311968,0.013331432387311968,0.013331432387311968,0.013334490818029832,0.013334490818029832,0.013334490818029832,0.01333449081803005,0.01333449081803005,0.011165771084337323,0.009416085106382964,0.00921439080459774,0.00927356862745095,0.009745021276595758,0.009543903225806435,0.009236714285714308,0.00953680645161286,0.009540258620689603,0.009954325842696708,0.00869104938271609,0.01074472727272723,0.00918838461538462,0.008939983870967703,0.010570689655172449,0.010565821705426337,0.00988561818181821,0.010247066666666665,0.008986769230769307,0.009577469879518017,0.010073536231884058,0.009386460784313653,0.00960428947368401,0.010165730337078452,0.009859912280701858,0.010029799999999922,0.009359285714285903,0.009173000000000143,0.009139196078431439,0.01019626562500009,0.0102630654205606,0.009609121951219686,0.009660647058823652,0.01064798214285721,0.008639015384615497,0.009663722222222062,0.009459464285714234,0.010335747826086816,0.009696579545454463,0.009526548387096843,0.009663873015873048,0.009456329896907248,0.009535859649122819,0.00958041176470604,0.00933931818181803,0.009477771739130163,0.008846652173912995,0.010042409999999932,0.009032777777777404,0.010398323076922886,0.010231172413793137,0.010165831858406913,0.009898438596491076,0.00931304878048795,0.009457927272727446,0.010051500000000001,0.008728000000000336,0.009793597938144613,0.008397999999999265,0.010129367816092315,0.010641490813648319,0.013337549248747917,0.013337204013377938,0.013337204013377926,0.013337204013377913,0.013337204013377926,0.01333720401337795,0.013337204013377901,0.013337204013377901
ex3_result/DropTail_Reno.tr,2,0.01311278048780474,0.01331799666110162,0.013331432387311968,0.013331432387311968,0.013331432387311968,0.013334490818029832,0.013334490818029832,0.013334490818029832,0.01333449081803005,0.01333449081803005,0.011112128440367007,0.009109754716981113,0.009328910714285725,0.008929174603174602,0.009371738636363607,0.009635887096774213,0.009174554347826084,0.010559891891891828,0.008981731182795636,0.009684027777777734,0.008681342465753463,0.010351441860465157,0.010336676190476167,0.00830631884057976,0.01000443362831859,0.00831426562500015,0.00960798148148149,0.009424395833333469,0.009754284482758708,0.009282793650793736,0.008663209302325506,0.009044507692307654,0.00944770297029704,0.010103148148148175,0.010060638655461925,0.009800666666666794,0.008945779220779054,0.01000190123456791,0.008864753846153879,0.010278979166666572,0.009050263157894827,0.009903429824561553,0.010387789915966438,0.01018087179487154,0.010269961904761971,0.009372400000000027,0.009318564102564306,0.00968541666666661,0.008961071428571171,0.009419017857142846,0.009044465909090894,0.009566153846153433,0.009093561797752645,0.010099027027026973,0.00989742222222221,0.009323709677419245,0.00901805063291149,0.010275024390243904,0.009701166666666757,0.009303257142856985,0.009799636363636444,0.009799523809524039,0.00958204301075273,0.00993215384615391,0.00872898039215739,0.009810950980392313,0.009302271186440787,0.009961537313432457,0.009118000000000452,0.009374732142857414,0.009366388692579514,0.013337549248747894,0.013337549248747929,0.013337549248747929,0.013337549248747907,0.013337549248747894,0.013337549248747929,0.013337549248747929,0.013337549248747894
ex3_result/DropTail_Reno.tr,3,0.01311278048780474,0.01331799666110162,0.013331432387311968,0.013331432387311968,0.013331432387311968,0.013334490818029832,0.013334490818029832,0.013334490818029832,0.01333449081803005,0.01333449081803005,0.011745268115942013,0.010275200000000033,0.009353018518518516,0.010033488095238133,0.00970983673469388,0.009940058823529467,0.009545897959183664,0.010281622641509489,0.009112372881355963,0.010051553719008328,0.010628166666666673,0.0086377400000001,0.010001682242990693,0.009492308823529354,0.009450951456310691,0.00980689333333333,0.010551719696969768,0.00976452830188683,0.008752402985074547,0.009515795918367334,0.010213534482758546,0.008917451612903231,0.00906816470588242,0.010074432098765611,0.009263079999999728,0.01022605737704934,0.009872114035087589,0.010112265625000172,0.010460344827586064,0.010393047619047954,0.008826522222222345,0.008598722222222051,0.009696578947368325,0.010077612068965425,0.009829345454545094,0.00936959615384601,0.008943260416666784,0.009539892307692317,0.009048715909090742,0.009745315789473696,0.009815937500000038,0.00904040243902441,0.008643062500000168,0.009250360465116202,0.01001102941176486,0.008665027397259967,0.01069524812030074,0.010081604395604462,0.010109558139534968,0.00979163333333286,0.009736961904761797,0.008768163265306177,0.009452043956044081,0.009579184615384406,0.009682236363636644,0.008532979591836397,0.009274749999999799,0.008343999999999439,0.009506208333333266,0.009885761363636482,0.010626510638297906,0.013337549248747882,0.013337549248747917,0.013337549248747907,0.013337549248747907,0.013337549248747894,0.013337549248747929,0.013337549248747941,0.013337549248747882
ex3_result/DropTail_Reno.tr,4,0.01311278048780474,0.01331799666110162,0.013331432387311968,0.013331432387311968,0.013331432387311968,0.013334490818029832,0.013334490818029832,0.013334490818029832,0.01333449081803005,0.01333449081803005,0.011630286821705435,0.010060940476190534,0.008836183098591497,0.01017131496062989,0.010763256880733919,0.00970929333333333,0.00936093975903615,0.010254772277227805,0.010133189873417643,0.009072051948051933,0.01008337500000007,0.010008870370370378,0.010421701030927846,0.009933511111111118,0.008617687500000082,0.010024627659574493,0.00848583333333344,0.009533406593406573,0.009016573529411823,0.0097997631578947,0.010294293478260984,0.009189255102040793,0.009072315789473694,0.009213773195876258,0.009606415384615511,0.009551142857142795,0.010436046728972062,0.010142121212121163,0.009553343750000165,0.010308409999999952,0.009385166666667036,0.00888477528089861,0.009654052631578978,0.009765433333333224,0.010408247863247894,0.010316543689320598,0.009361470588234942,0.009761964912280749,0.00914708888888877,0.00951100000000014,0.00881124999999964,0.009490396694214868,0.009181657894736748,0.008834313953488222,0.009453594594594654,0.009901847058823295,0.009070259615384657,0.00947119999999993,0.009576786516853482,0.010387458715596194,0.010145387096774275,0.010209670731707437,0.0094783909090909,0.009449537313432952,0.009151153846153429,0.009911453608247625,0.009719056603773583,0.009446789999999865,0.009456129411764594,0.010500908256880468,0.011249071129707178,0.013331432387312202,0.01333449081803003,0.013334490818030054,0.013334490818030066,0.013334490818030042,0.013334490818030042,0.013337549248747929,0.013337549248747929
ex3_result/DropTail_Reno.tr,5,0.01311278048780474,0.01331799666110162,0.013331432387311968,0.013331432387311968,0.013331432387311968,0.013334490818029832,0.013334490818029832,0.013334490818029832,0.01333449081803005,0.01333449081803005,0.012169363636363669,0.009721913043478228,0.010058824742268112,0.010354291338582667,0.009311180327868806,0.010284562500000025,0.00911056249999993,0.010402547826087025,0.00973253521126761,0.010340474999999986,0.010279402061855614,0.010517549668874247,0.009947792207792126,0.009903009615384638,0.009822827586206787,0.00947315841584159,0.008708022727272608,0.009667781250000099,0.008644066666666658,0.009427021505376292,0.009477692307692397,0.009671846938775513,0.009798766990291264,0.009750661538461658,0.010272551999999963,0.008776597014925083,0.010355490909090907,0.009376687500000092,0.009497358490566186,0.00967517857142875,0.008903835616438347,0.009489371794871979,0.009606528571428491,0.00982047727272742,0.00950739682539695,0.010641398601398566,0.009759400000000022,0.009631072916666613,0.009908886792453036,0.009548529411764836,0.008875469387755184,0.009057233009708895,0.009637960784313724,0.00937432967032963,0.00879089999999998,0.00990773043478262,0.009836338983050912,0.008974333333333402,0.0091440813953489,0.00902965957446815,0.009944956989247303,0.010213327102803992,0.009617842857143039,0.009334585858585813,0.009135140000000064,0.00961815238095205,0.009040256410256776,0.009990063636363416,0.008861080000000356,0.009712057692307728,0.009241260073260068,0.013317996661101825,0.01333143238731219,0.013331432387312214,0.01333143238731218,0.01333449081803003,0.013334490818030066,0.013334490818030054,0.013334490818030054
ex3_result/DropTail_Reno.tr,6,0.01311278048780474,0.01331799666110162,0.013331432387311968,0.013331432387311968,0.013331432387311968,0.013334490818029832,0.013334490818029832,0.013334490818029832,0.01333449081803005,0.01333449081803005,0.011421716535433099,0.009822729999999967,0.010216102941176461,0.009282903846153823,0.009491149425287388,0.009831486486486447,0.009359632653061173,0.009232230769230708,0.009522320754717048,0.010406785714285707,0.009980223684210528,0.008276657142857146,0.009264048387096763,0.009223722891566257,0.010128842105263079,0.01032422857142849,0.00830425454545453,0.009885718749999994,0.009379327586206769,0.010184246031746006,0.010185741666666682,0.009710126760563443,0.009332975609755843,0.009377809523809582,0.008478534090909283,0.01024169911504413,0.009168673469387836,0.00980753684210498,0.009691961538461892,0.009430145833333126,0.01035550000000013,0.008544949152542634,0.009689783783783643,0.009761714285714072,0.009042067415730212,0.010448691489361703,0.008611283950617436,0.009401985074626725,0.01014401086956514,0.009335825242718216,0.009257377358490769,0.010190404958677787,0.00983859999999965,0.008787204081632922,0.009516563025210164,0.009414169491525428,0.010387848739495671,0.009483505882352966,0.009766558823529666,0.009038913580246992,0.008878727272727425,0.009190073684210482,0.009898664179104661,0.009168644067796347,0.00899331521739099,0.00952381250000034,0.010522068750000146,0.009888526315790071,0.009138232323232185,0.009869792207792574,0.010861907090464551,0.013331432387312167,0.013331432387312214,0.013331432387312202,0.013331432387312167,0.01333449081803003,0.013334490818030042,0.013334490818030066,0.01333449081803003
ex3_result/DropTail_Reno.tr,7,0.01311278048780474,0.01331799666110162,0.013331432387311968,0.013331432387311968,0.013331432387311968,0.013334490818029832,0.013334490818029832,0.013334490818029832,0.01333449081803005,0.01333449081803005,0.01129540983606562,0.010406467625899276,0.010007638888888929,0.009561125000000004,0.010902916666666663,0.01011337234042551,0.009445637681159403,0.010623800000000011,0.009208815384615385,0.010163546153846126,0.00914510294117647,0.009186081395348905,0.010263122950819685,0.009951714285714355,0.01000840624999988,0.009360430000000015,0.009692847457627086,0.009407201923076937,0.009927597938144316,0.009595123456790172,0.00857248387096789,0.009873489361702108,0.009731724999999969,0.008860619999999991,0.009333448979591931,0.009278703296703026,0.010145054545454809,0.010080988888888597,0.009738861702127729,0.009590060344827582,0.009867381818181866,0.009601046296296281,0.009659052083333175,0.009068228070175672,0.010711040000000135,0.009102833333333246,0.009410635593220354,0.010287590163934357,0.009998231578947525,0.009567793650793547,0.01050173148148162,0.009682543859648899,0.009725446601941747,0.010460728070175418,0.010201023622047183,0.008924698113207636,0.009520810810810895,0.009573863636363918,0.008806790123456332,0.009398161290322391,0.008989598039215644,0.009043225806451578,0.009466595238095349,0.009624954545454433,0.008354039215686466,0.010616061538461707,0.009668223404254812,0.008893406779660233,0.009901673267326697,0.009846706896551661,0.01194626027397259,0.013337549248747907,0.013337549248747907,0.013337549248747894,0.013337549248747929,0.013337549248747941,0.013337549248747882,0.013337204013377926,0.013337204013377926
ex3_result/DropTail_Reno.tr,8,0.01311278048780474,0.01331799666110162,0.013331432387311968,0.013331432387311968,0.013331432387311968,0.013334490818029832,0.013334490818029832,0.013334490818029832,0.01333449081803005,0.01333449081803005,0.011522560344827612,0.010065836956521721,0.008920192307692334,0.00941688135593215,0.010532964705882301,0.009443264957264948,0.009956786666666677,0.009346960526315767,0.009193705128205113,0.008841284090909158,0.009465206896551732,0.009154634146341496,0.009712647887323947,0.008758262500000025,0.010583923076923034,0.009375968749999963,0.009850517543859664,0.009555952380952512,0.0090446463414634,0.009357861111111095,0.00917639024390248,0.009851761061946884,0.010236308411214892,0.009331958333333482,0.009374858585858563,0.009689459999999954,0.00938045918367342,0.00912380000000006,0.009697104347826176,0.009711220338983027,0.00895470175438605,0.009228142857142664,0.00899396078431378,0.009372196078431318,0.010310262135922395,0.008667232558139774,0.009837608247422348,0.009514299999999842,0.009641509090909007,0.009845472972973113,0.009669112676056373,0.009649146341463183,0.010092595041322198,0.009152477611940265,0.010133429824561228,0.010272673469387827,0.009061822580645564,0.009524000000000104,0.009672623188405559,0.009532936170212879,0.009219814814814861,0.009258181818181872,0.009934543859649,0.009544967741935272,0.009646357894736916,0.009801402985074651,0.009578715596330023,0.009980280701754688,0.0085616629213485,0.009389426470588531,0.011143614879649832,0.013337549248747894,0.013337549248747929,0.013337549248747917,0.013337549248747894,0.013337549248747929,0.013337549248747929,0.013337549248747907,0.013337549248747894
ex3_result/DropTail_Reno.tr,9,0.01311278048780474,0.01331799666110162,0.013331432387311968,0.013331432387311968,0.013331432387311968,0.013334490818029832,0.013334490818029832,0.013334490818029832,0.01333449081803005,0.01333449081803005,0.011392570175438616,0.009816666666666723,0.009921310344827584,0.009761148148148135,0.010075385416666674,0.008679199999999934,0.010040416666666717,0.010380595505617962,0.008431467741935619,0.010190974576271225,0.010731166666666615,0.01007056249999995,0.009742077922077968,0.008248533333333252,0.009162000000000052,0.009048728395061743,0.008602285714285753,0.008991626373626363,0.010067500000000052,0.010601040404040436,0.010499553191489357,0.009625030612244956,0.01090055813953486,0.010331455696202632,0.009413121212121477,0.009322291666666946,0.00973912173913031,0.00927738775510222,0.009251957446808505,0.009733062499999612,0.010341480314960634,0.009590777777777424,0.00956095789473705,0.00850110714285687,0.010283973451327416,0.009010312500000062,0.009452101123595501,0.009284595744681212,0.009364509803921764,0.009709825396825692,0.009402373626373835,0.009681728395061876,0.009386175675675757,0.009787959183673525,0.01023449315068479,0.009896537634408712,0.009174060606060892,0.01067528148148132,0.009124572815533858,0.010164000000000051,0.009626658823529175,0.008285126760563574,0.009280923076923136,0.008431397058823375,0.010394895833332788,0.008773983050847714,0.009211427184466292,0.008403623188406113,0.010044747474747416,0.008822466666666647,0.011901237113402104,0.013337204013377926,0.013337204013377938,0.013317996661101849,0.013317996661101813,0.01333143238731219,0.01333143238731219,0.01333143238731218,0.013331432387312167
ex3_result/DropTail_Reno.tr,10,0.01311278048780474,0.01331799666110162,0.013331432387311968,0.013331432387311968,0.013331432387311968,0.013334490818029832,0.013334490818029832,0.013334490818029832,0.01333449081803005,0.01333449081803005,0.011509369863013683,0.009914666666666634,0.009808567010309254,0.009355000000000032,0.009872466019417441,0.00889269230769234,0.009370706521739243,0.009837008771929898,0.009333641509434,0.009609682692307723,0.010032999999999959,0.009432821428571428,0.009069648936170245,0.009205735294117619,0.009050795180722864,0.009940553398058173,0.009108893617021305,0.009394155963302819,0.008898582089552362,0.01010256250000006,0.00932761797752802,0.008852931034482665,0.009247731182795895,0.00879558461538482,0.009614558441558507,0.008362157894736658,0.009846825242718562,0.009710531914893478,0.009608946808510653,0.010419306818181746,0.009635238636363801,0.010111740740740817,0.009583277777777887,0.009849049382716305,0.008913727272727101,0.00883901562499978,0.009169505617977471,0.009390048192771007,0.008639492957746167,0.01058420325203242,0.009762449438202361,0.008206333333332825,0.010270365853658285,0.009475507462686548,0.009231673913043513,0.009837065789473708,0.009456931506849673,0.009597535211267667,0.01005172289156625,0.009637201923076667,0.008834392857143047,0.009233885416666995,0.009038843137255047,0.00951029565217391,0.00877500000000058,0.009263700000000184,0.009250465517241862,0.009425505263157904,0.0101218360655739,0.009363898305084498,0.011601824057450612,0.013337549248747929,0.013337549248747907,0.013337549248747917,0.013337549248747929,0.013337549248747953,0.013337549248747894,0.013337204013377913,0.013337204013377926
ex3_result/DropTail_SACK.tr,1,0.01311278048780474,0.01331799666110162,0.013331432387311968,0.013331432387311968,0.013331432387311968,0.013334490818029832,0.013334490818029832,0.013334490818029832,0.01333449081803005,0.01333449081803005,0.011210221153846157,0.010731321243523351,0.009762677685950412,0.010500895833333324,0.010363324324324323,0.010912077319587602,0.010513781725888318,0.010519344827586164,0.010349851351351419,0.009293558333333325,0.010448851851851834,0.010717000000000058,0.010894309178743945,0.010266394594594587,0.010646969072164893,0.010532874999999978,0.010602232954545442,0.010173497461928947,0.010646121212121221,0.009636236220472435,0.01063756906077345,0.01017994845360819,0.010647543269230769,0.01046959585492233,0.010556492424242435,0.009991728260869654,0.010059457364340949,0.009548000000000072,0.010364117948718023,0.010704327272727325,0.010067217105263183,0.009439764150943596,0.008995545454545343,0.009860459677419327,0.010220728395061721,0.00963020370370387,0.010552361256544617,0.010638732240437107,0.010337319371727728,0.010831046874999842,0.010139032679738475,0.010001890243902587,0.010234416666666619,0.010347785365853733,0.01026043406593404,0.010752975728155404,0.010382248587570668,0.008902696629213317,0.009915578947368334,0.01027336269430047,0.01043769270833341,0.011074561224489745,0.010504015306122461,0.010472867724867564,0.010972729166667139,0.010506686486486479,0.009552248000000077,0.009697329787233939,0.010574487562188888,0.010362559322033938,0.011971732418524849,0.01333720401337795,0.013337204013377926,0.013337204013377913,0.013337204013377938,0.01333720401337795,0.013337204013377901,0.013337204013377913,0.013317996661101837
ex3_result/DropTail_SACK.tr,2,0.01311278048780474,0.01331799666110162,0.013331432387311968,0.013331432387311968,0.013331432387311968,0.013334490818029832,0.013334490818029832,0.013334490818029832,0.01333449081803005,0.01333449081803005,0.011351425742574242,0.010662728205128228,0.010392334999999985,0.01057969458128081,0.010185726315789487,0.010603161616161653,0.010890497354497297,0.01022836216216209,0.010500209183673502,0.010440791208791208,0.010289907103825158,0.0102766303030303,0.008512044117646944,0.010484125654450283,0.010545161111111164,0.011005525252525267,0.010623192708333284,0.010581366666666646,0.010566923076923088,0.010494358208955244,0.010708739583333349,0.010395000000000024,0.010559730569948172,0.010463191011236038,0.010779199999999883,0.010105693121693123,0.010864343434343353,0.010980924623115607,0.010078870786516923,0.010938990147783156,0.010765556122448925,0.010353842931937099,0.010476613756613856,0.010810176165802942,0.010898949999999985,0.010418500000000054,0.010779530303030402,0.009378421874999932,0.010701801020408188,0.01061559239130438,0.010621857868020305,0.010295582857142714,0.010764030769230751,0.0109115897435899,0.01078090909090917,0.010393397905759164,0.010708382198952834,0.009791806722689192,0.010607793650793725,0.010091811188811356,0.01021723033707868,0.010366312820512692,0.01086835602094238,0.010532920000000213,0.010557964999999924,0.010504039215686366,0.010405659793814363,0.00948487199999994,0.010519906250000063,0.009513646017699207,0.011476461538461593,0.013337549248747894,0.013337549248747882,0.013337549248747917,0.013337549248747929,0.013337549248747894,0.013337549248747917,0.013337549248747941,0.013337549248747917
ex3_result/DropTail_SACK.tr,3,0.01311278048780474,0.01331799666110162,0.013331432387311968,0.013331432387311968,0.013331432387311968,0.013334490818029832,0.013334490818029832,0.013334490818029832,0.01333449081803005,0.01333449081803005,0.011117685714285706,0.010997850746268663,0.010594267015706826,0.010493654255319132,0.010192270531400987,0.010580172043010759,0.010874587064676613,0.010750870270270269,0.009836460176991123,0.010611858638743442,0.010543306532663358,0.009630558333333225,0.010721767676767663,0.010289441340782196,0.010715515306122515,0.010758834196891198,0.010740678756476711,0.010824269607843098,0.010447231249999956,0.010386732954545407,0.010444645833333321,0.010432284210526336,0.010511089820359186,0.010413291044776202,0.01044950246305413,0.010422703703703668,0.010682099999999863,0.010856922680412238,0.010505647058823557,0.010779979591836625,0.010565099476439847,0.0106728730964467,0.010797944444444419,0.009817247706422253,0.01037102702702695,0.01055834358974342,0.010747241935484002,0.010456663101604166,0.010511746192893376,0.0098022339181287,0.00997803289473672,0.0101107268041238,0.01021600555555552,0.009556523437499936,0.010159852272727067,0.010139943589743603,0.010007624060150294,0.010254406593406502,0.010426691099476403,0.010032635714285629,0.01056547894736846,0.010407772020725523,0.010131718232044236,0.009705266666666632,0.010178167938931566,0.009823244094488292,0.010206406249999744,0.010750137566137533,0.00956723140495908,0.009135793893129737,0.011584820788530435,0.013334490818030042,0.013334490818030054,0.013334490818030066,0.01333449081803003,0.013337549248747907,0.013337549248747941,0.013337549248747917,0.013337549248747894
ex3_result/DropTail_SACK.tr,4,0.01311278048780474,0.01331799666110162,0.013331432387311968,0.013331432387311968,0.013331432387311968,0.013334490818029832,0.013334490818029832,0.013334490818029832,0.01333449081803005,0.01333449081803005,0.01120689320388353,0.010550337209302334,0.01050267961165043,0.010214360655737659,0.010606276041666663,0.00989855345911947,0.009500460000000028,0.01008475897435903,0.010711994999999952,0.010808465346534612,0.009796110236220503,0.009972926701570678,0.011072515624999965,0.009822123655913957,0.01031331147540992,0.009227727272727188,0.01020038547486039,0.010732512562814083,0.010985147208121824,0.00832382558139521,0.010220060606060621,0.01043605208333335,0.011077359788359595,0.01028682291666668,0.01004491525423707,0.0101822119205296,0.010384377049180275,0.01081807692307704,0.009928100775193635,0.010518084507042303,0.01005438235294134,0.010650918918919039,0.01072411170212781,0.010857741293532234,0.010165761290322702,0.010552055214723846,0.010748072164948467,0.010263602150537794,0.010755917948718045,0.010852887700534792,0.010558770491803189,0.010474222857142926,0.010273703448276009,0.010532373056994771,0.010762570000000072,0.010869522388059777,0.01018079999999987,0.009721380952380973,0.010397240437158497,0.01042747342995166,0.010552312499999928,0.010341086419753159,0.01061321634615395,0.01050756084656084,0.010412947368420782,0.0107463118811884,0.010714984615384282,0.009441910000000107,0.010121438016528922,0.00983927999999986,0.011811537132987928,0.013337549248747882,0.013337204013377926,0.01333720401337795,0.013337204013377901,0.013337204013377926,0.01333720401337795,0.013337204013377926,0.013337204013377913
ex3_result/DropTail_SACK.tr,5,0.01311278048780474,0.01331799666110162,0.013331432387311968,0.013331432387311968,0.013331432387311968,0.013334490818029832,0.013334490818029832,0.013334490818029832,0.01333449081803005,0.01333449081803005,0.011104251282051314,0.01031392753623187,0.010629234693877524,0.010565091891891911,0.010162719696969661,0.010106928934010134,0.010594603092783506,0.01052888068181815,0.010449276923076931,0.009862433070866134,0.010125603092783502,0.010792010526315784,0.010291920212765999,0.009661049586776797,0.010460553191489301,0.01085978911564626,0.010317976331360971,0.009987756944444414,0.010536689189189194,0.008719858585858616,0.010574427835051612,0.010783641414141468,0.010419494565217345,0.010344839378238433,0.010735401098901016,0.010467005263158033,0.010642515624999821,0.010645010152284277,0.010661520408163157,0.009956204724409603,0.010728436619718335,0.010999618556701209,0.010103327956989204,0.010493857894736797,0.009359440000000063,0.010688836842105406,0.01033143846153844,0.009578062499999984,0.010239232804232652,0.010230983870967856,0.010638067010309366,0.010430813829787321,0.010575685567010312,0.01021116216216209,0.009436968992248046,0.01044165771812053,0.010147942622950705,0.010194892857142656,0.010055851562500162,0.010217803797468257,0.010046657718120544,0.010798721649484496,0.010081187050359748,0.010240247191011053,0.010379103092783531,0.010324115384615376,0.010020870000000102,0.010967553846153758,0.01087038461538441,0.011027615740740713,0.01160389228007187,0.013317996661101825,0.013317996661101849,0.013331432387312202,0.013331432387312167,0.013331432387312155,0.013334490818030054,0.013334490818030066,0.013334490818030042
ex3_result/DropTail_SACK.tr,6,0.01311278048780474,0.01331799666110162,0.013331432387311968,0.013331432387311968,0.013331432387311968,0.013334490818029832,0.013334490818029832,0.013334490818029832,0.01333449081803005,0.01333449081803005,0.011489030120481913,0.00984023684210528,0.010463241379310342,0.01033598148148148,0.00989152083333337,0.010033686567164168,0.010424106598984738,0.010140377358490552,0.010633102857142822,0.010211340579710194,0.009200357798165233,0.010213415789473669,0.010369402061855723,0.009746527999999926,0.01047495979899493,0.009802854838709742,0.010710482587064637,0.010667472361809085,0.01039761290322578,0.010068116959064339,0.009826726027397283,0.010045505813953517,0.010710065989847552,0.010233795698924698,0.010774752577319502,0.010549005263157883,0.01024551851851868,0.010854936507936343,0.011026821621621444,0.010195387755102191,0.010630161849711143,0.010158692307692428,0.010658377659574397,0.010385700000000024,0.01013605389221552,0.010620118918919102,0.010087977272727252,0.010687737373737422,0.010516471590909042,0.010831216216216029,0.010840634020618363,0.01083421925133691,0.009719655462184652,0.010809792553191616,0.010062944444444256,0.010075170542635755,0.010278000000000087,0.01024417679558006,0.010675500000000067,0.01003809599999974,0.010538638613861631,0.00973981451612896,0.01029571891891905,0.00971729752066103,0.010354529729729613,0.010802711956521813,0.010243423076922763,0.010138257142856892,0.01032350000000006,0.010111736040609259,0.010447490304709157,0.01333449081803003,0.013334490818030042,0.013334490818030066,0.013337549248747929,0.013337549248747894,0.013337549248747907,0.013337549248747929,0.013337549248747917
ex3_result/DropTail_SACK.tr,7,0.01311278048780474,0.01331799666110162,0.013331432387311968,0.013331432387311968,0.013331432387311968,0.013334490818029832,0.013334490818029832,0.013334490818029832,0.01333449081803005,0.01333449081803005,0.01120372767857143,0.009538874074074059,0.010274026737967932,0.010306188888888861,0.010418829787234041,0.010033759358288773,0.010611362694300581,0.010384075862069006,0.010377881818181804,0.010496528205128159,0.01055393434343438,0.010014333333333382,0.009968880000000013,0.010089824120603007,0.01056777702702699,0.009652287499999967,0.010355301136363666,0.009863213114754072,0.009732558139534936,0.010571970149253734,0.01094909844559587,0.009519114503816812,0.009712568000000118,0.009916024193548261,0.009747639097744494,0.010723706666666478,0.010174923976608439,0.010237471830985827,0.01015366666666688,0.010021447999999992,0.010110959999999948,0.00990918589743591,0.010630374999999989,0.010548429319371725,0.01062357352941166,0.010915940540540568,0.009919616541353468,0.0104274191919193,0.010029646739130576,0.010059859374999888,0.01032087431693983,0.01060542268041236,0.010353393617021147,0.010566219780219733,0.010714659793814455,0.010626820224719172,0.010497256544502743,0.010045718518518603,0.01063716315789481,0.010455370967742069,0.010320427835051544,0.009296599999999907,0.010399494736842199,0.010729096618357466,0.01047892397660807,0.010181723880596957,0.01036739473684226,0.010440028985507268,0.010583149171270814,0.010226659685863861,0.01171129649122814,0.013337549248747917,0.013337549248747917,0.013337549248747917,0.013337549248747917,0.013337549248747882,0.013337549248747894,0.013337549248747929,0.013337204013377926
ex3_result/DropTail_SACK.tr,8,0.01311278048780474,0.01331799666110162,0.013331432387311968,0.013331432387311968,0.013331432387311968,0.013334490818029832,0.013334490818029832,0.013334490818029832,0.01333449081803005,0.01333449081803005,0.011327116438356164,0.010606568627451001,0.010084259259259268,0.01033593846153846,0.010328239795918365,0.010965760638297893,0.009944324607329818,0.011064207253885999,0.010986432835820913,0.010381471204188425,0.009784886524822732,0.010661632653061158,0.010508091836734628,0.01069963350785334,0.010721269035532978,0.010409460227272788,0.010177693548387105,0.01053711274509803,0.01041873575129531,0.01039315846994539,0.009002109090909064,0.009934304347826061,0.009363292307692107,0.010529933701657437,0.00962325581395359,0.011014604166666627,0.010899727748691123,0.010700138095238152,0.010441108280254761,0.009785798780487801,0.010580728260869478,0.010358776923077073,0.010190513513513615,0.009920121428571273,0.010364822335025324,0.00991858288770044,0.010433954081632533,0.01092307086614164,0.008801661654135396,0.01009236269430044,0.010741401273885322,0.009713611111111131,0.010499906077347897,0.010969406862745152,0.010528629999999933,0.010251360824742286,0.010732492385786862,0.009972503875969005,0.009632224806201507,0.01059851912568314,0.010360925531914816,0.010667019230769284,0.01057112135922334,0.010397308900523415,0.010491276836158536,0.010575530927835133,0.010172626943005126,0.010480196808510579,0.00971870535714281,0.010915843902439007,0.009886000000000124,0.013337204013377901,0.013337204013377938,0.013317996661101837,0.013317996661101849,0.013331432387312167,0.01333143238731219,0.013331432387312214,0.013331432387312167
ex3_result/DropTail_SACK.tr,9,0.01311278048780474,0.01331799666110162,0.013331432387311968,0.013331432387311968,0.013331432387311968,0.013334490818029832,0.013334490818029832,0.013334490818029832,0.01333449081803005,0.01333449081803005,0.011021886255924178,0.010590169491525424,0.010576548913043469,0.01004228042328041,0.01023149214659689,0.010438473404255324,0.01051702673796791,0.01067953608247421,0.010350728723404222,0.010197249999999942,0.00962267187500003,0.010897201970443316,0.010853647368420991,0.010575913043478236,0.011128606557377033,0.010671762162162141,0.01058908021390376,0.010232486187845318,0.010756820105820089,0.010474914572864338,0.010148960937499923,0.009412983606557465,0.010316793814433024,0.010185209424083725,0.010929655555555485,0.010809640000000087,0.009548994350282508,0.010199440217391324,0.010755355450236958,0.010487943589743655,0.010469552763819098,0.009826682170542653,0.010673010869565132,0.010760583756345206,0.010861141176470442,0.010682573643410662,0.01057823444976079,0.010254686567164198,0.01017786285714292,0.010428314136125593,0.009368499999999932,0.010548040816326447,0.01065806976744179,0.010337160000000073,0.0105863052631578,0.010754810810810837,0.010510518134714934,0.010433333333333333,0.01065709500000004,0.010576875000000005,0.01047771022727264,0.010423412087912092,0.010128380952381024,0.010645886486486521,0.010821181818181903,0.010123540106951639,0.010064851428571362,0.009748376068376134,0.010128729927007356,0.009593750000000068,0.01198275342465755,0.013334490818030042,0.013337549248747907,0.013337549248747929,0.013337549248747929,0.013337549248747894,0.013337549248747907,0.013337549248747941,0.013337549248747907
ex3_result/DropTail_SACK.tr,10,0.01311278048780474,0.01331799666110162,0.013331432387311968,0.013331432387311968,0.013331432387311968,0.013334490818029832,0.013334490818029832,0.013334490818029832,0.01333449081803005,0.01333449081803005,0.011184918918918901,0.010457853932584246,0.01018039534883719,0.010346246073298438,0.011140632124352307,0.010894919999999978,0.010072037433155148,0.010402554838709588,0.010192115853658581,0.01089079166666665,0.010212395480226009,0.010141973262032087,0.009896795454545464,0.01021886170212767,0.010250035211267597,0.009896911290322576,0.010917024509803908,0.010566502673796805,0.01070297487437185,0.009867826771653527,0.010227407407407458,0.009888039062500048,0.010631570621469109,0.009765758865248216,0.010511090909090812,0.010866827956989301,0.010343544444444477,0.010612362244897944,0.010854531707317042,0.0098089200000002,0.010807818181818085,0.010679240437158476,0.009452652542372883,0.010437439790575936,0.010910554455445623,0.010610035175879308,0.00943285833333342,0.010414288659793769,0.010357268421052586,0.009614596774193542,0.009747861788618051,0.010574464454976232,0.010093356589147185,0.010480239999999927,0.0108416699999999,0.009682714285714175,0.010278102150537573,0.010054256983240221,0.009627373015873226,0.009979484848484863,0.010911929292929178,0.010558497326203325,0.010402775119617139,0.010536354285714172,0.01052762903225808,0.010482749999999838,0.010849926470588281,0.010573455958549272,0.00970575524475495,0.01037176262626285,0.011587554367201445,0.013337549248747894,0.013337549248747929,0.013337549248747929,0.013337204013377901,0.013337204013377926,0.013337204013377938,0.013337204013377926,0.013337204013377913
ex3_result/RED_Reno.tr,1,0.01311278048780474,0.01331799666110162,0.009851177504393608,0.00936297543859643,0.009012565295169934,0.009096733686067003,0.008683059245960498,0.009339753954305797,0.009198922800718138,0.008981798941798933,0.009041771929824595,0.007486840000000079,0.007339795454545409,0.007739585858585827,0.007836349999999959,0.007929636363636394,0.008075190476190453,0.007598999999999803,0.007746529411764723,0.0075364044943820865,0.007561853932584228,0.007718122641509431,0.007907834951456387,0.007704102040816264,0.007962192982456083,0.007330679012345531,0.007757805194805168,0.007792212765957417,0.0077789130434782324,0.0070792941176472095,0.007787370370370416,0.0076420188679244706,0.00711560000000007,0.007899155339806103,0.007929729166667121,0.007807022471909931,0.007863609756097373,0.007918867346938599,0.007673367346939348,0.007813630769230702,0.007529411764706151,0.007900847058823542,0.007324311475410126,0.007818649122807074,0.007666260869565211,0.007632535714286158,0.007740875000000218,0.0074241206896550034,0.007488938775510356,0.007945588235294105,0.007919281690140802,0.007751698630137096,0.007323560975609684,0.008031639344262138,0.007362872340425452,0.008187366666666465,0.007573133333333146,0.008117690721649525,0.007746506666666307,0.007786012499999995,0.007872439560439589,0.007742188888888732,0.008204750000000153,0.008122018018018094,0.007452536585365006,0.00789085436893213,0.0072101025641027276,0.00800270909090938,0.007559265625000533,0.007832761904762179,0.0119311452991453,0.013337549248747907,0.009659239436619687,0.00938082289803212,0.008875109540636037,0.009228923076922952,0.00872968197879864,0.009354112676056401,0.00912449551166967
ex3_result/RED_Reno.tr,2,0.01311278048780474,0.01331799666110162,0.009785377855887442,0.009437511423550019,0.00902861041292638,0.008986878306878311,0.009065085714285687,0.009118236331569659,0.009205180679785334,0.008792,0.00855918987341771,0.00794942767295598,0.007780724137931034,0.007783571428571445,0.007255888888888862,0.007889928571428617,0.007981349514563077,0.00746948484848477,0.007606657894736748,0.007537029850746148,0.007246764705882349,0.007678803030303021,0.007442129629629572,0.007636868852459023,0.007622569620253144,0.007626369565217324,0.00771287209302319,0.00810956944444436,0.007836152941176396,0.007270733333333191,0.008087385416666648,0.007261477272727423,0.007537793103448452,0.007634767441860646,0.007569423076923056,0.007589682926829242,0.007800850000000104,0.00792667647058826,0.0078065494505494435,0.007322289473684033,0.007934010416666712,0.008077094017093982,0.0073814117647056825,0.007630652173912939,0.007680624999999797,0.007438222222222259,0.0076805362318838975,0.007803564814814906,0.00807056626506003,0.007907939024390262,0.007656749999999373,0.007875799999999772,0.008117428571428394,0.007494160493827056,0.008039626506024227,0.007745377049180024,0.007701434782608367,0.007790130952380797,0.007098978260869732,0.007809945454545509,0.007982868421052558,0.008031135999999975,0.0075913333333335374,0.007192609756097533,0.008020772277227407,0.007335461538461848,0.007902837209302776,0.007712647727273072,0.007852333333333425,0.007699937499999976,0.01086594174757285,0.013337549248747882,0.011121423143350666,0.009352987654320931,0.008832314285714255,0.00926368904593621,0.009045824686941002,0.009133897707231012,0.009069784172661742
ex3_result/RED_Reno.tr,3,0.01311278048780474,0.01331799666110162,0.009813866666666612,0.009466755711774999,0.008973314183123858,0.009037333333333335,0.00906887455197133,0.0090112618629174,0.009354490161001783,0.008620232804232809,0.008824735632183936,0.0076836103896103505,0.007503290322580759,0.0075226721311475436,0.007846461538461597,0.006925274509803965,0.007918813084112113,0.007250312499999911,0.007740027027026991,0.007735010204081623,0.007672059999999963,0.008039909090909061,0.00806868421052627,0.007605452380952348,0.007482084745762855,0.007860857142857114,0.007446440476190538,0.008022948979591799,0.007869571428571457,0.008201763888888984,0.007813287499999965,0.007287769230769092,0.007795813186813348,0.007843984848484916,0.007404618421052942,0.007602444444444471,0.0074272954545452855,0.00783413725490205,0.007813975000000185,0.007841041095890233,0.007641030769230803,0.007510615384615582,0.007746148936170189,0.008104967741935504,0.007073096153846086,0.006982500000000293,0.007525155555555685,0.007700923076922819,0.00794554687499982,0.007268206896551951,0.007320956521738794,0.007455904109588673,0.007497582278481015,0.007536981132075361,0.007509670886075516,0.007328593220339018,0.007230098591549395,0.007639554054054101,0.007509529411764755,0.007330666666666572,0.0075378541666669685,0.0073241739130429735,0.007521568627451145,0.007510249999999916,0.007916734374999734,0.007700451219512174,0.007852079999999973,0.007892160000000103,0.007845884615384772,0.007435415094339275,0.01180537024221452,0.013337204013377926,0.00984966197183095,0.009090175313059078,0.009084140845070353,0.009284529100529024,0.008572509874326796,0.009452647887323994,0.008861773788150708
ex3_result/RED_Reno.tr,4,0.01311278048780474,0.01331799666110162,0.009981314586994649,0.009309474426807693,0.008748301075268807,0.009167363957597166,0.008653577060931906,0.009203549295774638,0.009186752688172036,0.009101239436619708,0.008377639344262328,0.007249621621621596,0.00780498412698407,0.007792868852459046,0.007247095238095318,0.007784680672268911,0.007596328767123191,0.0076640285714286395,0.007967689655172453,0.0075262535211267365,0.007645310344827508,0.008078149253731312,0.007515340659340746,0.00795312857142851,0.0076377656249999315,0.007884127659574513,0.007586737704918079,0.007595457831325242,0.007125303030302966,0.007865333333333358,0.007969587155963312,0.008082183673469372,0.007833093333333305,0.008055243478260952,0.007104264705882624,0.007880306122448931,0.00708961224489814,0.007675558441558511,0.007806943661972023,0.007568580000000011,0.007573358974358786,0.007454838235294215,0.008056585714285955,0.007372649999999847,0.007828680555555708,0.0076315342465753,0.007106064516128461,0.007947294117647295,0.007528517241379507,0.00781493478260865,0.007826686868686757,0.007320242424242021,0.007760117647058748,0.007687081632652651,0.007567844155843911,0.007870614285714237,0.007567611111111126,0.007958706666666681,0.00821603296703307,0.007905208333333266,0.0070418421052627425,0.007936691358024873,0.007552518518518446,0.00755300000000003,0.0075150882352938205,0.007530527777777568,0.008122559322033996,0.007800948979591853,0.00787710655737701,0.007763844155844086,0.010610909090909051,0.01333720401337795,0.011529519861830782,0.00914240564373901,0.009003913669064716,0.009172028169014015,0.009118319569120252,0.009207170474516574,0.009174021201413337
ex3_result/RED_Reno.tr,5,0.01311278048780474,0.01331799666110162,0.009808773286467412,0.009408268077601352,0.008807570661896235,0.009035489361702106,0.008851228318584056,0.009221605633802806,0.009166939068100347,0.008980811287477944,0.010544292307692297,0.00793954205607479,0.007769571428571404,0.007598290322580658,0.007219000000000131,0.007747677165354316,0.00755413513513504,0.008010560747663632,0.007940223529411735,0.007482227272727293,0.007691823529411694,0.007763299999999962,0.007407941176470596,0.00823829661016953,0.007977168141592904,0.0076859200000002304,0.007642779411764689,0.00749675000000002,0.007452934579439283,0.007735140625000109,0.0077036470588235225,0.007453666666666593,0.0077133750000000735,0.007356291666666663,0.007869904761904686,0.007821150684931371,0.0077074851485148714,0.007809633027522776,0.007993540983606317,0.007889294117647161,0.008299753623188633,0.007721602941176448,0.007610245283018659,0.008131386363636266,0.0076745217391304375,0.007908590551181116,0.007935280373831734,0.008076889763779415,0.007463566666666921,0.007807830769230643,0.008054463917525538,0.00779787096774191,0.007882838983050804,0.008230211111111135,0.007489736842105344,0.008051826666666623,0.007861686274509849,0.007810076190476423,0.007604643835616397,0.00821917777777779,0.00795582608695634,0.0075890326086956285,0.007214634615384519,0.007634464285714364,0.007681944444444532,0.007501632653061157,0.007766820512820425,0.0075545211267611006,0.007592076923076846,0.0074471076923074975,0.009469577464788785,0.013337549248747917,0.01202681865284965,0.009639803163444639,0.008936014109347487,0.009183397849462288,0.008717347442680769,0.00951473239436628,0.008471384615384625
ex3_result/RED_Reno.tr,6,0.01311278048780474,0.01331799666110162,0.010221192982456077,0.009054941798941736,0.00899450447227192,0.009101319223985892,0.008892452423698377,0.00924428169014083,0.00875497307001796,0.009150535211267609,0.00937273118279568,0.00775483333333332,0.007624126984127024,0.007972505494505474,0.008011421052631593,0.007529800000000098,0.007479021276595666,0.00773693333333337,0.00751789855072463,0.007820096153846209,0.007426168539325836,0.007531532258064552,0.008291022988505883,0.00811181052631584,0.007794456521739061,0.007978402298850442,0.0072222727272726415,0.007707140000000017,0.008160619999999952,0.00787643529411752,0.007722561643835656,0.007791486486486418,0.007536777777777972,0.007812459459459466,0.00790442857142845,0.00767171111111114,0.0075326779661020905,0.007638153846153674,0.007313376623376452,0.007622887640449545,0.00825021100917445,0.0078324666666668,0.007445921052631246,0.00788364356435628,0.00779053846153851,0.0076489215686273565,0.00781310619469015,0.0069559473684208785,0.007876180555555735,0.007544803030303077,0.007587310344827334,0.007641285714285347,0.007495812500000365,0.007568685185185152,0.0077013076923075794,0.007265294117647138,0.007762903846153797,0.007362959183673178,0.007548880434782359,0.0077144827586207556,0.007967813186813185,0.007949053333333277,0.00801470930232528,0.0079365932203391,0.008113461538461358,0.007676333333333135,0.007676676056337589,0.007905476190476435,0.007885535714286058,0.007498874999999572,0.011482015037594027,0.013337204013377913,0.01049815114235498,0.008930920634920594,0.009101697841726594,0.009016423280423222,0.009387205623901537,0.008818067736185384,0.008847309352517903
ex3_result/RED_Reno.tr,7,0.01311278048780474,0.01331799666110162,0.009982776801405918,0.009272790123456727,0.008580265709156177,0.009292507042253513,0.008878810035842299,0.0093028732394366,0.009178810035842302,0.008781911816578484,0.009174031746031713,0.007677385542168682,0.007348298245613995,0.008001697674418653,0.0074670000000001124,0.007614900000000162,0.007855582089552435,0.007165057692307566,0.008049837499999967,0.007616419999999842,0.008064999999999975,0.007144320000000022,0.007889984848484913,0.007649885714285887,0.008142396551724157,0.007733324675324699,0.00820113846153842,0.0073875294117647485,0.007195524590164103,0.007408576923076795,0.00796396825396823,0.00758270212765957,0.007159108108108056,0.008052188118812096,0.0072421162790695945,0.00757464383561651,0.007254117647059291,0.007905060606060603,0.007611555555555742,0.00785830232558137,0.007864117647058627,0.008060075949367163,0.008079283950617156,0.007394607843137176,0.007765245614034848,0.007594204819277024,0.007271766666666461,0.007694571428571351,0.0075960937499999215,0.0071565932203389426,0.0077965000000000725,0.007560289855072473,0.007771008695652171,0.007367454545454793,0.0077546399999997104,0.00799557142857151,0.007861389830508662,0.007460494623655967,0.008030432835821126,0.007852660377358447,0.007726086206896785,0.007687989361702337,0.00798757446808521,0.0077407066666666914,0.007484909090909365,0.007944470588235459,0.0074893777777780375,0.00751001449275375,0.008143802469136206,0.007715000000000073,0.010714871794871838,0.01333449081803003,0.011026173010380601,0.009496768683273985,0.008984592592592735,0.009216550264550196,0.008769683453237417,0.00918819047619048,0.008742043165467565
ex3_result/RED_Reno.tr,8,0.01311278048780474,0.01331799666110162,0.009918439367311021,0.009357897707230984,0.008656473967684004,0.009261051146384477,0.009059225806451625,0.00912515492957747,0.009268342857142854,0.008731273368606685,0.00936651851851851,0.007703071428571473,0.007707355932203423,0.007733557377049219,0.007687770491803236,0.007983623376623367,0.007641893939393885,0.007058230769230725,0.007564829268292736,0.0071049655172412685,0.007615271428571495,0.007549731343283712,0.007916896825396811,0.007592965116279078,0.007506843750000075,0.007830504424778766,0.007529149253731314,0.007742263157894731,0.007594857142857211,0.007546291666666673,0.007971220930232519,0.007622957142857218,0.007206285714285242,0.0078066455696200136,0.007850145161290513,0.00717881538461547,0.007955964285714238,0.007648961038960944,0.00781302941176478,0.007622921052631632,0.008189397590361613,0.007358030303030256,0.007717897435897615,0.007788326530612337,0.007817695652173847,0.007841633333332964,0.00736494736842094,0.007733752688172367,0.007782896103896194,0.007653758241758155,0.007950304347826022,0.007512928571428587,0.008325415730336995,0.007560086419753425,0.0077128166666665145,0.007871000000000131,0.0075697936507935545,0.007801133333333231,0.007833254237288425,0.007557867647058771,0.007754346153846019,0.007852843283582175,0.007782673913043364,0.007765155555555481,0.0076991012658227135,0.007845301587301894,0.007721846153846784,0.007463266666666565,0.00774509375000032,0.008027027777777937,0.010158658959537553,0.013331432387312202,0.011948289655172415,0.00914371830985912,0.00932287323943672,0.0087757558348294,0.009096225749559077,0.008852811490125635,0.009083019400352799
ex3_result/RED_Reno.tr,9,0.01311278048780474,0.01331799666110162,0.009849715289982358,0.009330497354497293,0.009124085714285688,0.008938727592267116,0.00885133812949642,0.009134081128747792,0.008910764811490113,0.00933980952380954,0.010092135593220284,0.007566735294117699,0.007706610526315821,0.007590374999999964,0.007971871287128684,0.007033567567567588,0.008074397727272769,0.007311877192982483,0.007679467391304357,0.0074531363636363285,0.007224682539682504,0.007591941176470662,0.007478870370370415,0.007903009174311911,0.007996159574468094,0.00801832142857147,0.007711359550561817,0.008052100000000055,0.007346326530612257,0.007572910714285864,0.007779166666666653,0.00718187179487177,0.00792302752293589,0.007729966292135076,0.007448872340425794,0.007661729729729863,0.007741765957446928,0.007471124999999745,0.0076696718750001724,0.008021750000000192,0.007501082191780953,0.007864698113207277,0.007521000000000053,0.007629349999999579,0.007452596153846285,0.008072729166666718,0.007697533333333103,0.0074391500000000835,0.00724257446808503,0.007986928000000233,0.00779609999999994,0.007820793103448532,0.008109695652173652,0.007635999999999952,0.0073249999999999175,0.008084999999999867,0.007904023809523703,0.0077475882352942135,0.007990267605633976,0.007999814285714026,0.00771952238805965,0.007752831325301142,0.0076811111111112496,0.007911801801801923,0.007871134831460413,0.007778399999999736,0.007735370370370363,0.0071888444444441445,0.0072798852459016895,0.007875755319149406,0.011602167557932256,0.013337549248747917,0.010186563380281722,0.009044057553956816,0.009225619718309874,0.009060049382716113,0.00914755714285716,0.00891870194003534,0.008629073873873848
ex3_result/RED_Reno.tr,10,0.01311278048780474,0.01331799666110162,0.010015382456140287,0.009272394366197116,0.009157098743267483,0.008921583038869264,0.009486039355992822,0.008704537102473497,0.00934635125448031,0.008725257950530042,0.009314350000000093,0.007676035294117606,0.007434521739130448,0.008356573033707876,0.00784334782608695,0.008339681034482713,0.007396781250000058,0.007565741935483947,0.007730586206896786,0.007958976470588214,0.0072531621621622945,0.007739537313432785,0.007200714285714296,0.0077055952380951824,0.007730151515151466,0.007676069306930675,0.00799185416666659,0.007914263157894758,0.007480433333333281,0.0077495714285714295,0.007718839080459761,0.008024503999999965,0.007658243902438898,0.007675000000000023,0.007645716417910513,0.007581972972973073,0.0076898529411763075,0.00729176315789478,0.008075799999999923,0.007705938461538809,0.007844649484536222,0.007326393939393938,0.007017897435896969,0.008022190000000186,0.007369777777777426,0.00789258181818178,0.007709862745097895,0.007581011627906883,0.007530032258064672,0.008126239316239334,0.00801179310344837,0.0075137564102565795,0.007157822580645077,0.007640130000000091,0.0072868032786885225,0.007673531914893401,0.00768346590909097,0.00714786956521746,0.008164698630136824,0.007607270270270258,0.007901449999999895,0.007755073170731642,0.008258602941176692,0.007740750000000062,0.0073866000000001415,0.007846074074073388,0.007962159420290237,0.007789174418605295,0.0076303599999998535,0.007794205128205042,0.009902547854785532,0.013337204013377926,0.012107748726655399,0.009129091561939025,0.009063943562610121,0.008799223021582845,0.009248957746478874,0.008947921005386075,0.00895344169611311
ex3_result/RED_SACK.tr,1,0.01311278048780474,0.01331799666110162,0.00996983802816894,0.00929507218309853,0.008955840215439857,0.009102717813051147,0.009042034111310581,0.008831798586572437,0.009432932980599652,0.009031535971223012,0.008417873786407737,0.007858345070422526,0.008200971590909106,0.007974913385826761,0.007953254237288137,0.007704649635036491,0.007964277173913053,0.007810163742690056,0.007973575916230354,0.0077443852459016405,0.008178004950495012,0.007802413978494656,0.008028867403315043,0.007476401639344254,0.008098953124999947,0.008125436548223343,0.007624404040404057,0.008023026881720451,0.007664680672268872,0.008135267123287684,0.007593495575221191,0.00781746022727272,0.007749375000000088,0.007898761589404005,0.007531875968992278,0.008059244680851103,0.008004979487179516,0.007916424870466376,0.008027334999999863,0.0075378110236221756,0.008082834170854132,0.008010747368420898,0.007746373056994851,0.007641687999999903,0.00804991666666662,0.007954027173913058,0.007888343750000026,0.007996210144927317,0.007986032967032954,0.007856287769784085,0.0077084240506326875,0.007891572222222207,0.007952920634920663,0.007933902857143096,0.00801500000000013,0.007930415384615476,0.008061403409090935,0.007924163265306048,0.008065947089947081,0.007926097297297244,0.007854573684210546,0.00825492820512819,0.008172633333333321,0.007956684210526251,0.007993431578947401,0.007499298076923084,0.00758654285714288,0.007881063157894667,0.008045702127659602,0.007872648351648205,0.011658223008849562,0.013331432387312167,0.009890992957746585,0.009302683098591535,0.008953071942445991,0.008934084507042275,0.009251353680430783,0.009113225352112668,0.009126201058201175
ex3_result/RED_SACK.tr,2,0.01311278048780474,0.01331799666110162,0.01004454225352106,0.009260903169014026,0.008704613309352526,0.009034197530864194,0.009238019748653492,0.008970913427561834,0.009320603174603188,0.008896899099099118,0.008378885714285708,0.007756070312500009,0.007972636363636303,0.007936049450549425,0.007529887931034488,0.007969585365853661,0.007697365591397853,0.008112623711340193,0.008175880597014979,0.008079393258426933,0.007493553672316414,0.007918559782608725,0.007641970149253671,0.007903565217391356,0.007789883040935651,0.008083306122449039,0.007840800000000016,0.007725690647481992,0.007791157894736874,0.00802423999999999,0.007779829787234046,0.007801685039370095,0.007264056603773484,0.008050418749999877,0.00790182989690724,0.007839057971014505,0.0076027833333334035,0.007912105590062014,0.007928191011235925,0.008042806722688938,0.007883446927374282,0.008079301020407976,0.007738554404145228,0.008060978102189812,0.007873196531791882,0.007768097560975559,0.007941990566037687,0.007947790849673035,0.007346980392156517,0.007766392857142915,0.008130923857868108,0.007719835164834974,0.007939187050359679,0.007836078313252958,0.0074698684210524205,0.008207866336633595,0.007745062857142833,0.007589947368421179,0.007914250000000103,0.007969317460317558,0.008122768041237153,0.007980679558011133,0.008010518134714944,0.007635319672131017,0.007780319526626902,0.007673322222221972,0.007706985074626971,0.007895905325443554,0.007929673469387739,0.007682523809523861,0.011084412556053802,0.013317996661101813,0.010843826989619504,0.00905506474820135,0.009113272407732773,0.009417283422460085,0.008722418439716348,0.009064663063063147,0.009145298059964713
ex3_result/RED_SACK.tr,3,0.01311278048780474,0.01331799666110162,0.0101345500878734,0.00924846737213397,0.008867193895870743,0.009088306878306881,0.00934738888888888,0.008950031746031734,0.00906284229390682,0.008968524734982324,0.008433020512820504,0.007889431654676236,0.007953524861878504,0.00805381111111109,0.007807415254237285,0.008072749999999997,0.008023201149425337,0.008065009999999982,0.008132765957446825,0.00815362051282048,0.007944184210526267,0.0076177621621621805,0.007469467741935483,0.007914361581920869,0.008017508333333308,0.00818609047619047,0.008042744565217374,0.00815101052631585,0.007908628415300517,0.00782191534391536,0.007918097297297403,0.007656865079365106,0.008107237113402032,0.008001591836734614,0.008156622549019612,0.007989049295774644,0.008111359550561742,0.00784493888888878,0.008041952127659508,0.00765287704918025,0.008091418478260917,0.007676582089552191,0.00811195999999999,0.008117175000000164,0.007997265957446991,0.008102285714285808,0.007911932773109278,0.007418732673267085,0.007855045454545535,0.008030869318181866,0.008029181347150107,0.008025014814814673,0.007830278409090917,0.007716412698412753,0.007737364130434625,0.007725142857142995,0.007895546448087312,0.007877735955055998,0.007995615384615344,0.008128571428571372,0.008063043478260671,0.007633041095890409,0.007839193333333227,0.007848738636363605,0.008015021621621586,0.008154775510204099,0.008158549295775025,0.007888971910111892,0.0076114464285716365,0.007606639344262357,0.011767763888888831,0.013317996661101825,0.0098570492957746,0.009138019607843065,0.008993223801065828,0.009052068783068669,0.009216962365591334,0.008745811287477827,0.009183271582733661
ex3_result/RED_SACK.tr,4,0.01311278048780474,0.01331799666110162,0.009838007042253441,0.009412767605633738,0.008674416216216197,0.009221067019400333,0.008561504504504502,0.009476556338028167,0.009276068783068797,0.008864662477558356,0.008257427860696543,0.007879271317829457,0.008478991666666673,0.007886803149606289,0.008002771573604095,0.007920270270270272,0.008230695187165746,0.007144088888889064,0.00799599999999997,0.00772630769230762,0.007550068376068462,0.008045942408377011,0.00793205917159762,0.007835538461538465,0.008023148648648698,0.008247033653846124,0.007792798913043519,0.008057430051813393,0.007678836206896543,0.00773747058823531,0.008133811594202855,0.007738165289256272,0.007912921465968666,0.007968797872340465,0.007675229508196761,0.00790819587628869,0.007747167999999931,0.007726233160621837,0.007870869109947741,0.008081895522388131,0.008099256410256536,0.008230443396226365,0.007720276470588207,0.008038386597938119,0.008042071794871875,0.007729567796610364,0.007827905263157874,0.007933016042780678,0.007492827272727418,0.008025040609137227,0.00801101015228444,0.00791437628865975,0.007304121951219301,0.00820412621359223,0.007915250000000046,0.007916443037974523,0.007887481927710875,0.007978848958333304,0.007862850000000105,0.008010852791878097,0.00774180263157873,0.007601025316455812,0.007758741071428631,0.007797973856209253,0.007806917197452249,0.008150130890052459,0.007600264462810094,0.007211509090909244,0.007787510948905133,0.008030985294117688,0.011659912655971461,0.01333143238731219,0.009922964788732315,0.009209261022927743,0.008967301615798826,0.009100144620811426,0.008962027027026953,0.00923566901408462,0.009242539823008959
ex3_result/RED_SACK.tr,5,0.01311278048780474,0.01331799666110162,0.009833612676056269,0.009434739436619655,0.008727093525179854,0.00902583978873239,0.009308025089605734,0.008761010619469033,0.009369455026455045,0.008844348294434475,0.008459985981308421,0.00763377876106198,0.007410841121495343,0.007970235294117679,0.007981767441860443,0.007594045112781975,0.007563773255813914,0.007416785123966907,0.007777444444444471,0.00776730508474578,0.00795227272727277,0.00764330357142868,0.00821028571428567,0.007624716417910428,0.007793907103825098,0.007948935483870991,0.007824267716535348,0.008027613259668465,0.008145040404040418,0.00781105921052633,0.007753942675159223,0.007655730158730204,0.007574601626015968,0.00761468702290086,0.007891184931506947,0.007984602836879429,0.007891405405405274,0.007880742857142959,0.007718840206185468,0.00804692920353996,0.007865765957446497,0.007930488505747173,0.008103376404494463,0.00812922077922075,0.007404750000000071,0.007690704545454363,0.007357911764705802,0.007930117318435738,0.007838971698113237,0.007714950000000008,0.008003786885245865,0.00759245736434126,0.007883544502617834,0.0077863942307691775,0.007461700000000112,0.008007431372548928,0.008044834224598977,0.007493424242424119,0.00790293478260865,0.007899357142857019,0.00818311602209945,0.007972000000000016,0.007957448648648656,0.0077353191489360875,0.0078751125827812,0.008050413173652834,0.007970044692737533,0.008030647058823488,0.007834418604651014,0.007693031413612455,0.011608143369175669,0.013337204013377891,0.00975068783068776,0.009333922261484238,0.00888592459605026,0.009328126760563401,0.009119115107913632,0.008742761061946871,0.009329213403880036
ex3_result/RED_SACK.tr,6,0.01311278048780474,0.01331799666110162,0.010122852372583426,0.009012881625441626,0.009069258064516137,0.009178246478873218,0.009125103942652299,0.008970626102292758,0.009076249551166954,0.009075710247349818,0.008118754901960784,0.008137659793814426,0.007759192592592638,0.007768485714285686,0.00801319211822661,0.007848913043478291,0.008228036649214697,0.007029485294117693,0.007849192307692298,0.007843674418604712,0.00791098342541431,0.007817770642201826,0.007993875647668396,0.007915232000000017,0.008039555555555526,0.008043008474576277,0.007632356589147317,0.007690605769230752,0.008105855670103109,0.008088368686868706,0.008290703349282285,0.007528816666666612,0.00779491061452501,0.007991653846153905,0.007865417142857224,0.007581463276836102,0.00788825980392167,0.007910325396825438,0.00807906249999993,0.007739600000000126,0.007873847682119201,0.007938999999999983,0.007837087912087927,0.00781413461538469,0.007305326086956221,0.0077588924050632745,0.007826779069767496,0.007764115107913861,0.007895623036649294,0.007678105691057098,0.008040839572192425,0.007743939189189238,0.007848643835616264,0.008019089041095969,0.007860254335260011,0.007680684848484793,0.0076590887096773565,0.007613205357142843,0.0080413492063491,0.008046570422535192,0.007931266666666508,0.00789795419847346,0.007873417525772985,0.007553546153846196,0.007987358695652046,0.008045890624999793,0.007939492385787256,0.007773419354838647,0.007611488505747492,0.007720157608695358,0.011802013793103425,0.013337549248747929,0.009706823633156976,0.009318322580645085,0.008586232269503623,0.009438260563380178,0.008753044964028824,0.009134571428571391,0.009075865107913639
ex3_result/RED_SACK.tr,7,0.01311278048780474,0.01331799666110162,0.009814536971830927,0.009304929328621835,0.008658215439856374,0.009193266313932974,0.009376942652329726,0.009048725352112654,0.009058916814159278,0.00882448387096774,0.008622409836065596,0.007742090225563908,0.008032527777777777,0.008016736263736267,0.007221197674418668,0.008117121212121188,0.007843726804123681,0.007887800000000118,0.0078095000000000395,0.0078094939024389775,0.007577982300884916,0.007907580110497227,0.007776707182320412,0.007764392473118346,0.00771337,0.007651795275590527,0.008116529100529095,0.0078102972972972605,0.007967862433862381,0.0080269418604651,0.007783672131147562,0.008056253886010327,0.007681693989070908,0.0078041367521367935,0.008079178010471174,0.007798789062500061,0.0076788594594595725,0.007939052631578914,0.007774149253731371,0.007870275132275095,0.007924453038673967,0.00791664935064923,0.0075515185185184705,0.007531279069767437,0.007841484210526436,0.00774748743718595,0.008092394594594534,0.00769125531914895,0.007872666666666491,0.007978321917808147,0.0077903967391303236,0.008105294416243672,0.007814196428571502,0.007823857142857271,0.007604198347107254,0.007791823129251798,0.007893535714285697,0.007706237704917973,0.007885608695652087,0.008087092307692445,0.007816978947368332,0.007920333333333246,0.007995319587628887,0.00796969832402237,0.007868091428571557,0.00808024752475255,0.007306987951807116,0.007857469613259347,0.0076943333333332475,0.007877191256830424,0.011797020689655163,0.013337549248747917,0.009699486772486847,0.009178230215827416,0.009095894179894272,0.009234385563380096,0.008583127468581702,0.009385739436619855,0.009067649280575511
ex3_result/RED_SACK.tr,8,0.01311278048780474,0.01331799666110162,0.009857015845070363,0.009290479717812982,0.008771475763016175,0.009086839506172837,0.008729865107913681,0.009164610229276888,0.009051654676259013,0.009141114436619727,0.008318292553191503,0.007829219653179205,0.007879514084507034,0.007576419354838693,0.007948728915662635,0.007911951086956526,0.007566779999999949,0.007257494117647061,0.007812079096045187,0.007663610169491501,0.007921838383838429,0.007929121212121271,0.00765244531249995,0.007794335106383024,0.007772343558282222,0.00779027777777783,0.007703727777777786,0.007844613445378098,0.00800897674418598,0.007784553571428503,0.0082103575129534,0.007929302197802234,0.008192460526315738,0.008003349693251503,0.008076966292134828,0.007669019480519472,0.0074900973451324055,0.007817994444444665,0.008173239583333158,0.007706721212121286,0.007856684563758303,0.007967708994709038,0.0077406521739128206,0.007814903225806412,0.0080299840425532,0.007756041176470439,0.007985067796610077,0.00782484408602157,0.007768622340425517,0.008165814999999944,0.007843198347107476,0.00803599500000015,0.008053204188481674,0.008202377880184398,0.007777256830600984,0.007913487922705213,0.007937704663212553,0.007600060344827577,0.007800413533834596,0.007544069230769287,0.00748361818181813,0.007719917582417749,0.007774994318181799,0.007900409326424902,0.007994994475138042,0.00806051813471548,0.007995933333333285,0.007867175824176063,0.007895047945205411,0.008114807142857165,0.01188743739279585,0.013337549248747929,0.00965693133802826,0.0094904859154931,0.008832456834532577,0.00926226631393297,0.009027375899280553,0.008925871024735053,0.009074039497307052
ex3_result/RED_SACK.tr,9,0.01311278048780474,0.01331799666110162,0.009859945422535148,0.009312044091710691,0.008843811490125666,0.00902832804232804,0.009268193895870743,0.009068411660777369,0.009126654867256655,0.00859109712230216,0.008295289655172417,0.008230341836734661,0.007615035398230119,0.007344656000000001,0.007773108527131782,0.007948903703703707,0.007715607843137257,0.007890000000000034,0.00783085635359106,0.007893239766081774,0.007645009803921598,0.007892126436781504,0.007964596026490037,0.007963705555555596,0.00799562837837838,0.007998518134715079,0.007875670588235332,0.007821503355704798,0.007841575418994471,0.007872821917808226,0.007833198830409411,0.007969562841529996,0.007900335227272747,0.007913256637168105,0.008017257731958811,0.00786138461538475,0.007908336898395627,0.007984238805970193,0.007806675675675536,0.007867693121693269,0.007766919354838804,0.00807453731343273,0.007882651428571462,0.007749374999999981,0.007877681318681445,0.007929437837837876,0.00795389041095883,0.007865474226804024,0.007694898876404578,0.007635116959064098,0.0076325190839693705,0.007872765957446588,0.008071031914893603,0.00797912886597946,0.007939381215469641,0.008088589743589635,0.007728218749999793,0.007944270408163244,0.007947370731707341,0.007715797752809059,0.007956040816326466,0.008110336842105275,0.007811867924528624,0.007998566326530577,0.008057492227979416,0.007891737430167646,0.00790245901639342,0.0075368359374998195,0.008042139037433319,0.007752085470085144,0.010409120448179217,0.013331432387312202,0.011788642487046678,0.00896994708994709,0.009174017953321536,0.00907230281690153,0.009299605633802829,0.00892871942446047,0.009096570422535234
ex3_result/RED_SACK.tr,10,0.01311278048780474,0.01331799666110162,0.010007922535211192,0.009129720142602424,0.008794051509769089,0.009225435626102296,0.009386314847942742,0.008896256183745566,0.009164102292768957,0.00855771095152604,0.008351204999999973,0.008126718749999975,0.007936595959595954,0.007761504761904769,0.0077561597633136305,0.007913577777777799,0.007793863247863235,0.007595104972375685,0.007758820224719068,0.007850867256637152,0.007963133333333358,0.008225183168316863,0.007892495999999994,0.00784585470085457,0.007714952662721936,0.00700125373134337,0.007771205263157844,0.007702991803278684,0.008148674641148325,0.007919054421768662,0.007995700636942658,0.007911589473684238,0.007010076923076889,0.00788042105263171,0.007900324022346411,0.00797103015075376,0.007856252747252592,0.007896038461538505,0.007942827586206997,0.007684404761904677,0.007762216783216683,0.007852481012658065,0.007875397590361467,0.007797281081081405,0.007807777777777775,0.007887786407766929,0.0076762977099237425,0.007935783783783932,0.008005340659340564,0.007952026041666596,0.007864528795811312,0.00799515675675683,0.007574192592592563,0.007953419689119005,0.00774635772357728,0.007783338888888775,0.007876295454545408,0.007625798245614179,0.007963413978494526,0.007791229050279485,0.008116582822086129,0.008030781818181896,0.008154989795918423,0.00793289795918378,0.007983924528301841,0.00785386503067503,0.008122537688442144,0.0076886306306303475,0.007775223999999583,0.00794751199999996,0.01189116438356168,0.01333143238731219,0.009848253521126815,0.009122236559139754,0.008816952380952394,0.009318941798941834,0.008933562724014368,0.008937410934744356,0.009212207885304694
